report_id,frequency,classification,likely_apt_group,notes
Unveiling an Indian Cyberattack Infrastructure - appendixes.pdf,637,likely_public_campaign,,
NormanShark-MaudiOperation.pdf,427,likely_public_campaign,,
dukes_whitepaper.pdf,387,likely_public_campaign,,
comment_crew_indicators_of_compromise.pdf,322,likely_public_campaign,,
the-black-vine-cyberespionage-group.pdf,315,likely_public_campaign,,
Cymmetria_Unveiling-Patchwork(Jul-7-16)(1).pdf,310,likely_public_campaign,,
The_Sin_Digoo_Affair.pdf,294,likely_public_campaign,APT1 / Comment Crew,
Proofpoint_operation-transparent-tribe-threat-insight-en(Mar-01-16).pdf,286,likely_public_campaign,,
darkhotelappendixindicators_kl.pdf,277,likely_public_campaign,DarkHotel,
PaloAlto_Dimnie-Hiding-Plain-Sight(03-28-2017).pdf,275,likely_public_campaign,,
VectraNetworks_Moonlight-Targeted-attacks-MiddleEast(10-26-2016).pdf,186,likely_public_campaign,,
Kaspersky_Lab_crouching_yeti_appendixes_eng_final.pdf,160,likely_public_campaign,,
ESET_Operation-Groundbait(5-17-16).pdf,146,likely_public_campaign,,
PaloAlto_Gamaredon-Toolset-Evolution(02-27-2017).pdf,146,likely_public_campaign,,
operation-arid-viper-whitepaper-en.pdf,136,likely_public_campaign,,
Cylance_Operation_Cleaver_Report.pdf,116,likely_public_campaign,,
Bitdefender_Pacifier-APT(7-1-2016).pdf,110,likely_public_campaign,,
Carbanak_APT_eng.pdf,102,likely_public_campaign,FIN7 / Carbanak,
KL_report_syrian_malware.pdf,92,likely_public_campaign,,
kaspersky-the-net-traveler-part1-final.pdf,90,likely_public_campaign,,
winnti-more-than-just-a-game-130410.pdf,84,likely_public_campaign,,
Clearsky_Operation-DustySky_TLP_WHITE(Jan-7-2016).pdf,80,likely_public_campaign,,
TrendMicro_BLACKGEAR-Espionage-Campaign(10-27-2016).pdf,80,likely_public_campaign,,
rpt-apt30.pdf,78,likely_public_campaign,,
waterbug-attack-group.pdf,76,likely_public_campaign,,
The_Mirage_Campaign.pdf,72,likely_public_campaign,,
Arbor_The-Four-Element-Sword-Engagement(4-13-16).pdf,71,likely_public_campaign,,
PaloAlgo-DragonOK-Updates-Tools-Targets-Multiple-Regions(01-05-2017).pdf,69,likely_public_campaign,,
Operation-Potao-Express_final_v2.pdf,68,likely_public_campaign,,
PaloAlto_Scarlet-Mimic(Jan-24-16).pdf,67,likely_public_campaign,,
Checkpoint_rocket-kitten-report(Nov-9-2015).pdf,66,likely_public_campaign,,
Operation Black Atlas_Indicators_of_Compromise.pdf,65,likely_public_campaign,,
NS-Unveiling-an-Indian-Cyberattack-Infrastructure_FINAL_Web.pdf,64,likely_public_campaign,,
unit42-operation-lotus-blossom.pdf,55,likely_public_campaign,,
Cyberattack_against_Israeli_and_Palestinian_targets.pdf,50,likely_public_campaign,,
icefog.pdf,50,likely_public_campaign,,
CozyDuke.pdf,48,likely_public_campaign,,
eset-sednit-part1(10-20-2016).pdf,48,likely_public_campaign,,
TheNaikonAPT-MsnMM2.pdf,48,likely_public_campaign,Naikon (APT30-adjacent / PLA-linked),
eset-sednit-part2(10-25-2016).pdf,46,likely_public_campaign,,
Clearsky_Charming_Kitten_2017(12-05-2017).pdf,44,likely_public_campaign,,
ASERT-Threat-Intelligence-Brief-2014-07-Illuminating-Etumbot-APT.pdf,43,likely_public_campaign,,
PaloAlto_MagicHound-Campaign-Attacks-SaudiTargets(02-15-2017).pdf,42,likely_public_campaign,,
butterfly-corporate-spies-out-for-financial-gain.pdf,40,likely_public_campaign,,
The-Desert-Falcons-targeted-attacks.pdf,40,likely_public_campaign,,
the_nitro_attacks.pdf,40,likely_public_campaign,,
Pitty_Tiger_Final_Report.pdf,38,likely_public_campaign,,
KL_Epic_Turla_Technical_Appendix_20140806.pdf,37,likely_public_campaign,Turla (Snake / Venomous Bear),
Clearsky_Operation-DustySky2(6-9-16).pdf,36,likely_public_campaign,,
volatile-cedar-technical-report.pdf,36,likely_public_campaign,,
EpicTurla.pdf,35,likely_public_campaign,Turla (Snake / Venomous Bear),
MSUpdaterTrojanWhitepaper.pdf,33,likely_public_campaign,,
Kaspersky_Lab_whitepaper_Regin_platform_eng.pdf,32,likely_public_campaign,,
Kimsuky.pdf,32,likely_public_campaign,,
PaloAlto_Emissary-Trojan-Changelog-Did-Operation-Lotus-Blossom-Cause-It-to-Evolve(Feb-03-16).pdf,32,likely_public_campaign,,
wp-operation-tropic-trooper.pdf,32,likely_public_campaign,,
Forcepoint_Moonsoon(08-06-2016).pdf,31,likely_public_campaign,,
Kaspersky_Report_Shamoon_StoneDrill_final(03-06-2017).pdf,30,likely_public_campaign,,
wp_dissecting-lurid-apt.pdf,30,likely_public_campaign,,
Agent.BTZ_to_ComRAT.pdf,29,likely_public_campaign,,
CmstarDownloader_Lurid_Enfal_Cousin.pdf,29,likely_public_campaign,,
snake_whitepaper.pdf,29,likely_public_campaign,,
c:\<USER_DIR>\appdata\local\temp\news.doc,28,likely_public_campaign,,
Clearsky_Operation_Wilted_Tulip(07-25-2017).pdf,27,likely_public_campaign,,
PwC_Exploring_CVE-2015-2545(05-06-2016).pdf,27,likely_public_campaign,,
XtremeRAT_fireeye.pdf,27,likely_public_campaign,,
Attacks against Israeli & Palestinian interests - Cyber security updates.pdf,26,likely_public_campaign,,
fireeye-poison-ivy-report.pdf,26,likely_public_campaign,,
PaloAlto_The-Blockbuster-Sequel(04-07-2017).pdf,26,likely_public_campaign,,
wp_ixeshe.pdf,26,likely_public_campaign,APT12 (Numbered Panda),
PaloAlto_ke3chang_tidepool(5-23-2016).pdf,25,likely_public_campaign,,
fireeye-operation-ke3chang.pdf,24,likely_public_campaign,,
ThreatConnect_Operation_Arachnophobia_Report.pdf,23,likely_public_campaign,,
EFF_OperationManul(08-03-2016).pdf,22,likely_public_campaign,,
Forcepoint-MMCore-Fileless-Returns-BigBoss-SillyGoose(01-05-2017).pdf,22,likely_public_campaign,,
RSA-IR-Case-Study(Apr-8-15).pdf,22,likely_public_campaign,,
HTran_and_the_Advanced_Persistent_Threat.pdf,21,likely_public_campaign,,
wp_luckycat_redux.pdf,21,likely_public_campaign,APT17 / Luckycat cluster (PRC-linked),
bcs_wp_InceptionReport_EN_v12914.pdf,19,likely_public_campaign,,
wp_the-heartbeat-apt-campaign.pdf,19,likely_public_campaign,APT37 / Kimsuky / Reaper,
Arbor_Uncovering-the-Seven-Pointed-Dagger(Jan-11-16).pdf,18,likely_public_campaign,,
Darkhotel in 2015.pdf,18,likely_public_campaign,DarkHotel,
JPCERT_ChChes-CampC-Cookie-Headers(02-17-2017).pdf,18,likely_public_campaign,,
PaloAlto_Threat-Actors-Target-Government-Belarus-Using-CMSTAR-Trojan(09-28-2017).pdf,18,likely_public_campaign,,
theteamspystory_final_t2.pdf,18,likely_public_campaign,,
Cysinfo-Uri-KashmirProtest-Phishing-targeting-Indian-Embassies(01-19-2017).pdf,17,likely_public_campaign,,
eset-sednit-part3(10-27-2016).pdf,17,likely_public_campaign,,
kaspersky-lab-gauss.pdf,17,likely_public_campaign,,
Microsoft_DUBNIUM(06-09-2016).pdf,17,likely_public_campaign,,
Microsoft_Targeted-attacks-in-South-and-Southeast-Asia(Apr-26-16).pdf,17,likely_public_campaign,,
Minerva_Clearsky_CopyKittens(11-23-15).pdf,17,likely_public_campaign,,
The_Uroburos_case.pdf,17,likely_public_campaign,,
ESET_TeleBots-Supply-chain-attacks-against-Ukraine(06-30-2017).pdf,16,likely_public_campaign,,
Grabit.pdf,16,likely_public_campaign,,
Korplug_Afghanistan_Tajikistan.pdf,16,likely_public_campaign,,
PaloAlto_BBSRAT-Attacks-Targeting-Russian-Organizations-Linked-to-Roaming-Tiger(Dec-22-15).pdf,16,likely_public_campaign,,
PaloAlto_Tracking-Subaat-Phishing-Leads-Threat-Actors-Repository(10-27-2017).pdf,16,likely_public_campaign,,
sophos-rotten-tomato-campaign.pdf,16,likely_public_campaign,,
Kaspersky_Lazarus-Under-The-Hood-PDF_final(04-03-2017).pdf,15,likely_public_campaign,Lazarus Group,
PWC_KeyBoys-are-back-in-town(11-02-2017).pdf,15,likely_public_campaign,,
rpt-behind-the-syria-conflict.pdf,15,likely_public_campaign,,
ClearSky_Operation-Electric-Powder-targeting-Israel-Electric-Company(03-14-2017).pdf,14,likely_public_campaign,,
PaloAlto_Houdinis-Magic-Reappearance(10-25-2016).pdf,14,likely_public_campaign,,
US-CERT-AR-17-20045_Enhanced_Analysis_of_GRIZZLY_STEPPE_Activity(02-10-2017).pdf,14,likely_public_campaign,,
Aurora_Botnet_Command_Structure.pdf,13,likely_public_campaign,,
circl-tr25-analysis-turla-pfinet-snake-uroburos.pdf,13,likely_public_campaign,Turla (Snake / Venomous Bear),
EvilBunny_Suspect4_v1.0.pdf,13,likely_public_campaign,,
apt28.pdf,12,likely_public_campaign,,
ArborNetworks_Additional-Insights-Shamoon2(02-21-2017).pdf,12,likely_public_campaign,,
Citizenlab_KeyBoy-targeting-Tibetan-Community(11-17-2016).pdf,12,likely_public_campaign,,
Cysinfo_Attack-Impersonating-Indian-Think-Tank-Target-CBIpdf(05-11-2017).pdf,12,likely_public_campaign,,
Duqu_Trojan_Questions_and_Answers.pdf,12,likely_public_campaign,,
Faces_Ghost_RAT.pdf,12,likely_public_campaign,,
FTA_1014_Bots_Machines_and_the_Matrix.pdf,12,likely_public_campaign,,
HDRoot(Securelist)_part2.pdf,12,likely_public_campaign,,
Safe-a-targeted-threat.pdf,12,likely_public_campaign,,
Symantec_Buckeye_HongKong(09-06-2016).pdf,12,likely_public_campaign,,
crowdstrike-intelligence-report-putter-panda.original.pdf,11,likely_public_campaign,,
Darwin_fav_APT_Group.pdf,11,likely_public_campaign,,
IBM_Full-Shamoon(02-15-2017).pdf,11,likely_public_campaign,,
Inside_EquationDrug_Espionage_Platform.pdf,11,likely_public_campaign,,
NCSC_Turla-Neuron-Nautilus-Snake-malware_1(11-22-2017).pdf,11,likely_public_campaign,Turla (Snake / Venomous Bear),
Operation_Molerats.pdf,11,likely_public_campaign,,
Proofpoint_APT-Targets-Financial-Analysts-CVE-2017-0199(04-27-2017).pdf,11,likely_public_campaign,,
PWC_Taiwan-Presidential-Election-A-Case-Study-on-Thematic-Targeting(Mar-17-2016).pdf,11,likely_public_campaign,,
Regis_The_Intercept.pdf,11,likely_public_campaign,,
TA14-353A_wiper.pdf,11,likely_public_campaign,,
Targeting_Syrian_ISIS_Critics.pdf,11,likely_public_campaign,,
Terracotta-VPN-Report-Final-8-3.pdf,11,likely_public_campaign,,
BAESytems_Taiwan-Heist-Lazarus-Tools-Ransomware(10-16-2017).pdf,10,likely_public_campaign,Lazarus Group,
Kaspersky_CVE-2015-2545_overview-of-current-threats(5-25-16).pdf,10,likely_public_campaign,,
korea_power_plant_wiper.pdf,10,likely_public_campaign,,
MiniDionis_CozyCar_Seaduke.pdf,10,likely_public_campaign,,
Operation_Poisoned_Handover.pdf,10,likely_public_campaign,,
PAN_Nitro.pdf,10,likely_public_campaign,,
Surtr_Malware_Tibetan.pdf,10,likely_public_campaign,,
TheCitizenLab_Between-Hong-Kong-and-Burma_Tracking-UP007-and-SLServer-Espionage-Campaigns(4-18-16).pdf,10,likely_public_campaign,,
Anthem_hack_all_roads_lead_to_China.pdf,9,likely_public_campaign,,
CitizenLab_Mapping-FinFishers-Continuing-Proliferation(Oct-15-15).pdf,9,likely_public_campaign,,
Clearsky_Iranian-OilRig-Delivers-Signed-Oxford(01-05-2017).pdf,9,likely_public_campaign,,
Clearskysec_IranianThreatAgent-Greenbug(10-24-2017).pdf,9,likely_public_campaign,,
El_Machete.pdf,9,likely_public_campaign,,
ESET_BlackEnergy-by-the-SSHBearDoor(Jan-3-16).pdf,9,likely_public_campaign,,
ESET_targeting-Central-and-EasternEurope(07-01-2016).pdf,9,likely_public_campaign,,
Indicators_of_Compormise_Hellsing.pdf,9,likely_public_campaign,,
Operation_DeputyDog.pdf,9,likely_public_campaign,,
Operation_GreedyWonk.pdf,9,likely_public_campaign,,
PaloAlto_Attack-on-French-Diplomat-Linked-to-Operation-Lotus-Blossom(Feb-08-16).pdf,9,likely_public_campaign,,
pwc_ScanBox_framework.pdf,9,likely_public_campaign,,
RiskIQ_htpRAT-Malware-Attacks(10-26-2017).pdf,9,likely_public_campaign,,
The_Monju_Incident.pdf,9,likely_public_campaign,,
Trustwave_Carbanak _Anunak_Attack_Methodology(11-14-2016).pdf,9,likely_public_campaign,FIN7 / Carbanak,
BAESystems_Lazarus-FalseFlag-Malware(02-20-2017).pdf,8,likely_public_campaign,Lazarus Group,
C5_APT_SKHack.pdf,8,likely_public_campaign,,
Dissecting-LinuxMoose.pdf,8,likely_public_campaign,,
Fidelis_FTA_1020_Fidelis_Inocnation_FINAL(Dec-16-15).pdf,8,likely_public_campaign,,
fireeye-operation-saffron-rose.pdf,8,likely_public_campaign,,
Fireeye_ICS-Attack-Framework-TRITON(12-14-2017).pdf,8,likely_public_campaign,,
India_Pak_Tranchulas.pdf,8,likely_public_campaign,,
PaloAlto_New- Wekby-Attacks-Use- DNS-Requests- As- Command-and- Control- Mechanism(5-24-16).pdf,8,likely_public_campaign,,
PaloAlto_Sofacys_Komplex_OSXTrojan(09-26-2016).pdf,8,likely_public_campaign,,
PaloAlto_TrackingElirksJapanSimilaritiesPreviousAttacks(06-23-2016).pdf,8,likely_public_campaign,,
RSA_Peering-Into-GlassRAT-final(Nov-23-15).pdf,8,likely_public_campaign,,
TrendMicro_Operation-C-Major_blog(5-18-16).pdf,8,likely_public_campaign,,
Trojan.APT.Seinup.pdf,8,likely_public_campaign,,
ZoxPNG_Full_Analysis-Final.pdf,8,likely_public_campaign,,
Anunak_APT_against_financial_institutions.pdf,7,likely_public_campaign,,
BAESystems_Lazarus-Watering-hole-attacks(02-12-2017).pdf,7,likely_public_campaign,Lazarus Group,
ByeBye_Shell_target.pdf,7,likely_public_campaign,,
dissecting-operation-troy.pdf,7,likely_public_campaign,,
fireeye-operation-quantum-entanglement.pdf,7,likely_public_campaign,,
FireEye_Cyber-Espionage-Alive-Well-APT32(05-14-2017).pdf,7,likely_public_campaign,,
From-Bahrain-With-Love-FinFishers-Spy-Kit-Exposed.pdf,7,likely_public_campaign,,
Gholee_Protective_Edge_themed_spear_phishing_campaign.pdf,7,likely_public_campaign,,
IEXPL0RE_RAT.pdf,7,likely_public_campaign,,
miniduke_indicators_public.pdf,7,likely_public_campaign,,
OrcaRAT.pdf,7,likely_public_campaign,,
RAP002_APT1_Technical_backstage.1.0.pdf,7,likely_public_campaign,APT1 / Comment Crew,
Symantec_Suckfly-Revealing-the secret-life-of-your-code-signing-certificates(Mar-15-16).pdf,7,likely_public_campaign,,
Targeted-Attacks-against-Tibetan-and-Hong-Kong-Groups-Exploiting-CVE-2014-4114.pdf,7,likely_public_campaign,,
VOHO_WP_FINAL_READY-FOR-Publication-09242012_AC.pdf,7,likely_public_campaign,,
19-2013-acalltoharm.pdf,6,likely_public_campaign,,
blackenergy_whitepaper.pdf,6,likely_public_campaign,,
CrowdStrike_BearsintheMidst_DNC(06-04-2016).pdf,6,likely_public_campaign,,
FTA 1001 FINAL 1.15.14.pdf,6,likely_public_campaign,,
ICS_Havex_backdoors.pdf,6,likely_public_campaign,,
Kaspersky_DroppingElephant(07-08-2016).pdf,6,likely_public_campaign,,
OperationDoubleTap.pdf,6,likely_public_campaign,,
SatelliteTurla(Securelist).pdf,6,likely_public_campaign,Turla (Snake / Venomous Bear),
Symantec_Dragonfly-Western-energy-sector-targeted(09-06-2017).pdf,6,likely_public_campaign,,
th3bug_Watering_Hole_PoisonIvy.pdf,6,likely_public_campaign,,
The Chronicles of the Hellsing APT_ the Empire Strikes Back - Securelist.pdf,6,likely_public_campaign,,
tr-12-circl-plugx-analysis-v1.pdf,6,likely_public_campaign,,
China_Peace_Palace.pdf,5,likely_public_campaign,,
Clearsky_Operation-DustySky-indicators(Jan-7-2016).xlsx,5,likely_public_campaign,,
Crowdstrike_The French Connection(Feb-25-14).pdf,5,likely_public_campaign,,
DTL-12012015-01.pdf,5,likely_public_campaign,,
FireEye_The-Mutter-Backdoor-Operation-Beebus-with-New-Targets(Apr-17-13).pdf,5,likely_public_campaign,,
KeyBoy_Vietnam_India.pdf,5,likely_public_campaign,,
KL_report_syrian_malware.md,5,likely_public_campaign,,
McAfee_APT28-Office-Malware-Doc-Citing-NYC-TerrorAttack(11-07-2017).pdf,5,likely_public_campaign,,
Operation_Black Atlas_Technical_Brief.pdf,5,likely_public_campaign,,
Operation_EphemeralHydra.pdf,5,likely_public_campaign,,
PaloAlto_T9000-Advanced-Modular-Backdoor-Uses-Complex-Anti-Analysis-Techniques(Feb-04-16).pdf,5,likely_public_campaign,,
Securelist_RedOctober.pdf,5,likely_public_campaign,,
Syrian_Malware_Team_BlackWorm.pdf,5,likely_public_campaign,,
Tibetan-Uprising-Day-Malware-Attacks_websitepdf.pdf,5,likely_public_campaign,,
15-2013-youonlyclicktwice.pdf,4,likely_public_campaign,,
Badcyber_Polish-banks-hacked-information-stolen-unknown-attackers(02-03-2017).pdf,4,likely_public_campaign,,
c:\temp\internet\dahl.doc,4,likely_public_campaign,,
Cyberkov-Hunting-Libyan-Scorpions-EN(9-18-16).pdf,4,likely_public_campaign,,
Cylance SPEAR Team_ A Threat Actor Resurfaces.pdf,4,likely_public_campaign,,
datasheet_jaku_technical_appendix_en.pdf,4,likely_public_campaign,,
Dragos_Win32_Industroyer(06-12-2017).pdf,4,likely_public_campaign,,
Duke_cloud_Linux.pdf,4,likely_public_campaign,,
Fidelis_Turbo-Twist-Two-64-bit-Derusbi-Strains-Converge(May-2-16).pdf,4,likely_public_campaign,,
FSOFACY.pdf,4,likely_public_campaign,,
Intezer_Evidence-Aurora-Supply-Chain-Attack-CCleaner-Part2(10-02-2017).pdf,4,likely_public_campaign,,
Kaspersky_Breaking-Weakest-Link-IDF(02-16-2017).pdf,4,likely_public_campaign,,
NYTimes_Attackers_Evolve_Quickly.pdf,4,likely_public_campaign,,
OceanLotusReport.pdf,4,likely_public_campaign,,
Operation_SnowMan.pdf,4,likely_public_campaign,,
P2P_PlugX_Analysis.pdf,4,likely_public_campaign,,
Palebot_Palestinian_credentials.pdf,4,likely_public_campaign,,
PaloAlto_OilRig-Deploys-ALMA-DNS-Tunneling-Trojan(11-08-2017).pdf,4,likely_public_campaign,,
PaloAlto_SofacyUSGov(06-14-2016).pdf,4,likely_public_campaign,,
RSA_the-carbanak-fin7-syndicate(11-22-2017).pdf,4,likely_public_campaign,FIN7 / Carbanak,
skywiper.pdf,4,likely_public_campaign,,
Turla_2_Penquin.pdf,4,likely_public_campaign,Turla (Snake / Venomous Bear),
Volexity_Powerduke-Widespread-PostElection-Spear-Phish(11-09-2016).pdf,4,likely_public_campaign,,
w32_duqu_the_precursor_to_the_next_stuxnet.pdf,4,likely_public_campaign,,
WateringHole_Aerospace_CVE-2015-5122_IsSpace.pdf,4,likely_public_campaign,,
WildNeutron_Economic_espionage.pdf,4,likely_public_campaign,,
Bluecoat_FROM_SEOUL_TO_SONY(2-24-16).pdf,3,likely_public_campaign,,
CitizenLab-Stealth_Falcon(05-29-2016).pdf,3,likely_public_campaign,,
Compromise_Greece_Beijing.pdf,3,likely_public_campaign,,
Cyber Heist_SWIFT.pdf,3,likely_public_campaign,,
Cybereason_Large-Scale-APT-Asia(05-24-2017).pdf,3,likely_public_campaign,,
Cylance_DeceptionProject-New-Japanese-Centric-Threat(02-27-2017).pdf,3,likely_public_campaign,,
Democracy_HongKong_Under_Attack.pdf,3,likely_public_campaign,,
Elephantosis.pdf,3,likely_public_campaign,,
Evolution_Drivers_Duqu_Stuxnet.pdf,3,likely_public_campaign,,
FireEye-Terminator_RAT.pdf,3,likely_public_campaign,,
FireEye_Operation-Beebus(Feb-1-13).pdf,3,likely_public_campaign,,
GData_Uroburos_RedPaper_EN_v1.pdf,3,likely_public_campaign,,
Group72_Opening_ZxShell.pdf,3,likely_public_campaign,,
HDRoot(Securelist)_part1.pdf,3,likely_public_campaign,,
Hikit_Analysis-Final.pdf,3,likely_public_campaign,,
HPSR SecurityBriefing_Episode16_NorthKorea.pdf,3,likely_public_campaign,,
Kaspersky_Poseidon-Group(Feb-09-16).pdf,3,likely_public_campaign,,
kingslayer-a-supply-chain-attack(02-03-2017).pdf,3,likely_public_campaign,,
Mandiant_APT1_Report.pdf,3,likely_public_campaign,APT1 / Comment Crew,
Plugx_Smoaler.pdf,3,likely_public_campaign,,
PWC_ELISE-Security-Through-Obesity(Dec-23-15).pdf,3,likely_public_campaign,,
RSA_the-shadows-of-ghosts-carbanak-report(11-30-2017).pdf,3,likely_public_campaign,FIN7 / Carbanak,
shadows-in-the-cloud.pdf,3,likely_public_campaign,,
The_Siesta_Campaign.pdf,3,likely_public_campaign,,
ThreatConnect_KASPERAGENT-Campaign-resurfaces-May-Election(06-14-2017).pdf,3,likely_public_campaign,,
Tibet_Lurk.pdf,3,likely_public_campaign,,
winnti_pharmaceutical.pdf,3,likely_public_campaign,,
wp-global-energy-cyberattacks-night-dragon.pdf,3,likely_public_campaign,,
<MWS_SAMPLE_DIR>\~$pcm1tg.doc,2,generic_internal,,
ANALYSIS-ON-APT-TO-BE-ATTACK-THAT-FOCUSING-ON-CHINAS-GOVERNMENT-AGENCY-.pdf,2,likely_public_campaign,,
c:\<USER_DIR>\appdata\local\temp\spy.doc,2,generic_internal,,
cto-tib-20150223-01a.pdf,2,generic_internal,,
cto-tib-20150420-01a.pdf,2,generic_internal,,
Cyber Heist Attribution_SWIFT.pdf,2,generic_internal,,
Cysinfo_NIC-CyberSecurity-Themed-Spear-Phishing-Target-India(11-30-2016).pdf,2,generic_internal,,
DEEP_PANDA_Sakula.pdf,2,generic_internal,,
Dissecting-the-Kraken.pdf,2,generic_internal,,
ESET_Dino_French.pdf,2,generic_internal,,
FBI-GovernmentSpearphishing.pdf,2,generic_internal,,
FireEye-FIN7-SpearPhishing-Targets-SEC-Filings(03-07-2017).pdf,2,generic_internal,,
FireEye_APT29-Domain-Fronting-With-TOR(03-27-2017).pdf,2,likely_public_campaign,,
FireEye_CVE-2017-8759-Used-Wild-Distribute-FINSPY(09-12-2017).pdf,2,generic_internal,,
FireEye_Privileges-Credentials-Phished-Request-of-Counsel(06-06-2017).pdf,2,generic_internal,,
FTA_1013_RAT_in_a_jar.pdf,2,generic_internal,,
hidden_lynx.pdf,2,generic_internal,,
Intezer_Evidence-Aurora-Supply-Chain-Attack-CCleaner-Part1(09-20-2017).pdf,2,generic_internal,,
Kaspersky_BlackEnergy-APT-Attacks-in-Ukraine-employ-spearphishing-with-Word-documents(Jan-28-16).pdf,2,likely_public_campaign,,
Kaspersky_BlackOasis-APT-zero-day(10-16-2017).pdf,2,likely_public_campaign,,
Kaspersky_ScarCruft-OpDaybreak(06-17-2016).pdf,2,generic_internal,,
Miniduke_twitter.pdf,2,generic_internal,,
NetTraveler_Makeover_10th_Birthday.pdf,2,generic_internal,,
operation-poisoned-helmand.pdf,2,generic_internal,,
OperationCleaver_The_Notepad_Files.pdf,2,generic_internal,,
OSX_SabPub.pdf,2,generic_internal,,
PEST-CONTROL.pdf,2,generic_internal,,
tactical-intelligence-bulletin---sofacy-phishing-.pdf,2,generic_internal,,
The CozyDuke APT - Securelist.pdf,2,likely_public_campaign,,
The Naikon APT - Securelist.pdf,2,likely_public_campaign,Naikon (APT30-adjacent / PLA-linked),
TheCitizenLab_Shifting-Tactics-Tracking-changes-in-years-long-espionage-campaign-against-Tibetans(Mar-10-16).pdf,2,generic_internal,,
tr1adx_Digital-Plagarist-Carbanak(01-01-2017).pdf,2,likely_public_campaign,FIN7 / Carbanak,
UnFIN4ished_Business_pwd.pdf,2,generic_internal,,
Wiper_Malware.pdf,2,generic_internal,,
XSLCmd_OSX.pdf,2,generic_internal,,
2013-9.pdf,1,generic_internal,,
20180503_Burning_Umbrella.pdf,1,generic_internal,,
20180713_CSE_APT28_X-Agent_Op-Roman Holiday-Report_v6_1.pdf,1,likely_public_campaign,,
20180723_CSE_APT27_Syria_v1.pdf,1,likely_public_campaign,,
20BICSE.pdf,1,generic_internal,,
3ve_google_whiteops_whitepaper_final_nov_2018.pdf,1,generic_internal,,
556_10535_798405_Annex87_CyberAttacks.pdf,1,generic_internal,,
[AhnLab]Andariel_a_Subgroup_of_Lazarus (3).pdf,1,likely_public_campaign,Lazarus Group,
[Report]Andariel_Threat_Group.pdf,1,generic_internal,,
A dive into Turla PowerShell usage.pdf,1,likely_public_campaign,Turla (Snake / Venomous Bear),
A journey to Zebrocy land.pdf,1,generic_internal,,
A Slice of 2017 Sofacy Activity - Securelist.pdf,1,generic_internal,,
Above+Us+Only+Stars.pdf,1,generic_internal,,
Accenture-Hogfish-Threat-Analysis.pdf,1,generic_internal,,
Accenture-Security-Dragonfish-Threat-Analysis.pdf,1,generic_internal,,
AdversaryIntelligenceReport_DeepPanda_0 (1).pdf,1,generic_internal,,
"Aggah Campaign_ Bit.ly, BlogSpot, and Pastebin Used for C2 in Large Scale Campaign.pdf",1,generic_internal,,
Ahnlab_Targeted-Attack-on-Frances-TV5Monde(May-5-15).pdf,1,generic_internal,,
Aided_Frame_Aided_Direction.pdf,1,generic_internal,,
An-APT-Blueprint-Gaining-New-Visibility-into-Financial-Threats-interactive.pdf,1,likely_public_campaign,,
Analyzing Digital Quartermasters in Asia  Do Chinese and Indian APTs Have a Shared Supply Chain.pdf,1,likely_public_campaign,,
another-potential-muddywater-campaign-uses-powershell-based-prb-backdoor.pdf,1,generic_internal,,
Appendix-TheUrpageConnectiontoBahamutConfuciusandPatchwork.pdf,1,generic_internal,,
apt-attack-middle-east-big-bang.pdf,1,likely_public_campaign,,
apt-c-36-continuous-attacks-targeting-colombian-government-institutions-and-corporations-en.pdf,1,likely_public_campaign,,
APT10 Targeted Norwegian MSP and US Companies in Sustained Campaign.pdf,1,likely_public_campaign,APT1 / Comment Crew,
APT10 Targeting Japanese Corporations Using Updated TTPs.pdf,1,likely_public_campaign,APT1 / Comment Crew,
apt29-hammertoss-stealthy-tactics-define-a.pdf,1,likely_public_campaign,,
apt32-continues-asean-targeting.pdf,1,likely_public_campaign,,
APT37_Final1stspyReapingtheFreeMilk-Intezer.pdf,1,likely_public_campaign,,
Ashmore_Impact-of-Alleged-Russian-Cyber-Attacks(Jan-18-09).pdf,1,generic_internal,,
ATMitch_ New Evidence Spotted In The Wild.pdf,1,generic_internal,,
Aurora_HBGARY_DRAFT.pdf,1,generic_internal,,
Avast tracks down Tempting Cedar Spyware.pdf,1,generic_internal,,
Backdoor.Winnti_Trojan.Skelky.pdf,1,generic_internal,,
bisonal-malware-used-attacks-russia-south-korea.pdf,1,generic_internal,,
Bitdefender-Business-2017-WhitePaper-PZCHAO-crea2452-en-EN-GenericUse.pdf,1,generic_internal,,
Bitdefender-Whitepaper-APT-Mac-A4-en-EN-web(02-23-2017).pdf,1,likely_public_campaign,,
BlackEnergy2_Plugins_Router.pdf,1,generic_internal,,
BlackTDS.pdf,1,generic_internal,,
blog.trendmicro.com-Lazarus Continues Heists Mounts Attacks on Financial Organizations in Latin America.pdf,1,likely_public_campaign,Lazarus Group,
blogs_360_cn_blog_cve-2018-8174-en_.pdf,1,generic_internal,,
Buckeye_ Espionage Outfit Used Equation Group Tools Prior to Shadow Brokers Leak.pdf,1,generic_internal,,
C5_APT_ADecadeInReview.pdf,1,likely_public_campaign,,
certificates-stolen-taiwanese-tech.pdf,1,generic_internal,,
Chafer used Remexi malware to spy on Iran-based foreign diplomatic entities.pdf,1,generic_internal,,
Chafer_ Latest Attacks Reveal Heightened Ambitions _ Symantec Blogs.pdf,1,generic_internal,,
ChessMaster Adds Updated Tools to Its Arsenal.pdf,1,generic_internal,,
Chinese_MITM_Google.pdf,1,generic_internal,,
Chineses Actor APT target Ministry of Justice Vietnamese.pdf,1,likely_public_campaign,,
circl-analysisreport-miniduke-stage3-public.pdf,1,generic_internal,,
Citizenlab_Campaign-Chinese-language-news-sites(07-05-2017).pdf,1,generic_internal,,
Citizenlab_NilePhish-Large-Scale-Targeting-Egyptian(02-02-2017).pdf,1,generic_internal,,
Citizenlab_NSO_iPhone_ZeroDays_UAE(08-24-2016).pdf,1,generic_internal,,
Clearsky_Charming-Kitten-2017(12-05-2017).csv,1,generic_internal,,
Clearsky_Operation-DustySky2-indicators(6-9-16).xlsx,1,generic_internal,,
CloudAtlas_RedOctober_APT.pdf,1,likely_public_campaign,,
CN_OceanLotus_new_malware.pdf,1,generic_internal,,
Confucius_Update.pdf,1,generic_internal,,
cosmicduke_whitepaper.pdf,1,generic_internal,,
Crouching_tiger_hidden_dragon.pdf,1,generic_internal,,
Crowdstrike_FancyBearTracksUkrainianArtillery(12-22-2016).pdf,1,generic_internal,,
CrowdStrike_Flying_Kitten.pdf,1,generic_internal,,
Crypto-DarkComet-Report.pdf,1,generic_internal,,
cta-2018-0509.pdf,1,generic_internal,,
cta-2018-0816.pdf,1,generic_internal,,
cta-2018-1113.pdf,1,generic_internal,,
Cyber-Espionage Campaign Targeting the Naval Industry MartyMcFly.pdf,1,generic_internal,,
CyberInt_Legit Remote Access Tools Turn Into Threat Actors' Tools_Report.pdf,1,generic_internal,,
Cylance_Op_Dust_Storm_Report(Feb-23-2016).pdf,1,generic_internal,,
Cymmetria_Unveiling-Patchwork(Jul-7-16).pdf,1,generic_internal,,
Cysinfo-Targeting-Indian-Navys-Submarine-Warship-Manufacturer(02-10-2017).pdf,1,generic_internal,,
darkhotel_kl_07.11.pdf,1,likely_public_campaign,DarkHotel,
DarkHydrus delivers new Trojan that can use Google Drive for C2 communications.pdf,1,generic_internal,,
DarkPulsar.pdf,1,generic_internal,,
deciphering-confucius.pdf,1,generic_internal,,
Defeating Compiler-Level Obfuscations Used in APT10 Malware.pdf,1,likely_public_campaign,APT1 / Comment Crew,
Derusbi_Server_Analysis-Final.pdf,1,generic_internal,,
"Desktop, Mobile Phishing Campaign Targets South Korean Websites, Steals Credentials Via Watering Hole.pdf",1,generic_internal,,
details.doc,1,generic_internal,,
DMSniff_iocs_March2019.txt,1,generic_internal,,
DNS Hijacking Abuses Trust In Core Internet Service.pdf,1,generic_internal,,
DNSpionage Campaign Targets Middle East.pdf,1,generic_internal,,
Domestic Kitten An Iranian Surveillance Operation.pdf,1,generic_internal,,
Donot Team in South Asia.pdf,1,generic_internal,,
Double the Infection Double the Fun.pdf,1,generic_internal,,
Dragonfly_Threat_Against_Western_Energy_Suppliers.pdf,1,generic_internal,,
duqu2_crysys.pdf,1,generic_internal,,
E-ISAC_SANS_Ukraine_DUC_5.pdf,1,generic_internal,,
EB-YetiJuly2014-Public.pdf,1,generic_internal,,
Elfin Relentless Espionage Group Targets Multiple Organizations in Saudi Arabia and US.pdf,1,generic_internal,,
Emissary Panda Attacks Middle East Government Sharepoint Servers.pdf,1,generic_internal,,
energetic-bear-crouching.pdf,1,generic_internal,,
Equation_group_questions_and_answers.pdf,1,generic_internal,,
ESET-LightNeuron.pdf,1,generic_internal,,
ESET-LoJax.pdf,1,generic_internal,,
Eset-Turla-Outlook-Backdoor.pdf,1,likely_public_campaign,Turla (Snake / Venomous Bear),
ESET-Visiting_The_Bear_Den(6-21-2016).pdf,1,generic_internal,,
ESET_CrashOverride-01(06-12-2017).pdf,1,generic_internal,,
ESET_Gazer(08-30-2017).pdf,1,generic_internal,,
ESET_GreyEnergy.pdf,1,generic_internal,,
ESET_OceanLotus.pdf,1,generic_internal,,
ESET_Turla_Mosquito.pdf,1,likely_public_campaign,Turla (Snake / Venomous Bear),
ETSO_APT_Attacks_Analysis.pdf,1,likely_public_campaign,,
Executive_Summary-Final_1.pdf,1,generic_internal,,
FASTCash How the Lazarus Group is Emptying Millions from ATMs.pdf,1,likely_public_campaign,Lazarus Group,
Fidelis_DNC-IntrusionMalware(06-20-2016).pdf,1,generic_internal,,
FIN7.5_ the infamous cybercrime rig “FIN7” continues its activities.pdf,1,generic_internal,,
FINTEAM Trojanized TeamViewer Against Government Targets.pdf,1,generic_internal,,
fireeye-sidewinder-targeted-attack.pdf,1,generic_internal,,
FireEye_APT28-Center-of-Storm(01-11-2017).pdf,1,likely_public_campaign,,
FireEye_IndianGovSpearPhish(06-03-2016).pdf,1,generic_internal,,
FireEye_IRONGATE_ICS(06-02-2016).pdf,1,generic_internal,,
Fireeye_SpearPhishing-Targeting-Mongolian-Government(02-22-2017).pdf,1,generic_internal,,
FireEye_Targeted-Attacks-against-Banks-in-the-Middle-East(5-23-16).pdf,1,generic_internal,,
Forkmeiamfamous_SeaDuke.pdf,1,generic_internal,,
Fritz_HOW-CHINA-WILL-USE-CYBER-WARFARE(Oct-01-08).pdf,1,generic_internal,,
FTA 1007 - Shamoon.pdf,1,generic_internal,,
FTA 1010 - njRAT The Saga Continues.pdf,1,generic_internal,,
FTA 1011 Follow UP.pdf,1,generic_internal,,
FTA 1012 STTEAM Final.pdf,1,generic_internal,,
Funky malware format found in Ocean Lotus sample.pdf,1,generic_internal,,
Gallmaker New Attack Group Eschews Malware to Live off the Land.pdf,1,generic_internal,,
Gaming-Industry.Asia.pdf,1,generic_internal,,
Gaza Cybergang Group1 operation SneakyPastes.pdf,1,generic_internal,,
ghostnet.pdf,1,likely_public_campaign,APT1 / Comment Crew,
GlitchPOS_New_Pos_Malwre_for_sale.pdf,1,generic_internal,,
Goblin Panda changes the dropper and reuses the old infrastructure.pdf,1,generic_internal,,
Goblin_Panda_against_Bears.pdf,1,generic_internal,,
Goblin_Panda_targets_Cambodia.pdf,1,generic_internal,,
Gold_Dragon_Olympics_IoC.txt,1,generic_internal,,
GovCERTch_Report_Ruag_Espionage_Case(5-23-16).pdf,1,generic_internal,,
GravityRAT.pdf,1,generic_internal,,
Group_72.pdf,1,generic_internal,,
hidden-cobra-targets-turkish-financial-sector-new-bankshot-implant.pdf,1,generic_internal,,
HiddenWasp Malware Stings Targeted Linux Systems.pdf,1,generic_internal,,
how_can_u_tell_Aurora.pdf,1,generic_internal,,
hussarini---targeted-cyber-attack-in-the-philippines.pdf,1,generic_internal,,
In the Trails of WINDSHIFT APT.pdf,1,likely_public_campaign,,
in-depth_analysis_of_hydraq_final_231538.pdf,1,generic_internal,,
"Inception Framework_ Alive and Well, and Hiding Behind Proxies _ Symantec Blogs.pdf",1,generic_internal,,
Inception_APT_Analysis_Bluecoat.pdf,1,likely_public_campaign,,
InfrastructureandSamplesofHamas'AndroidMalwareTargetingIsraeliSoldiers-ClearSkyCyberSecurity.pdf,1,generic_internal,,
Iran_Cyber_Final_Full_v2.pdf,1,generic_internal,,
Iranian-Nation-State-APT-Leak-Analysis-and-Overview.pdf,1,likely_public_campaign,,
iron-cybercrime-group-under-the-scope-2.pdf,1,generic_internal,,
Kaspersky-From-BlackEnergy-to-ExPetr(06-30-2017).pdf,1,generic_internal,,
Kaspersky_Introducing-WhiteBear(08-30-2017).pdf,1,generic_internal,,
Kaspersky_StrongPity-Waterhole-Targeting-Italian-Belgian-Encryption-Users(10-03-2016).pdf,1,generic_internal,,
Kaspersky_The-ProjectSauron-APT_research_KL(08-08-2016).pdf,1,likely_public_campaign,,
Kaspersky_Wave-your-false-flags(10-05-2016).pdf,1,generic_internal,,
korea-in-crosshairs.html.pdf,1,generic_internal,,
LAZARUS GROUP DIRECTED TO ORGANIZATIONS IN RUSSIA_google_translate.pdf,1,likely_public_campaign,Lazarus Group,
Lazarus_Campaign_Targeting_Cryptocurrencies.pdf,1,likely_public_campaign,Lazarus Group,
Lookout_Dark-Caracal_srr_20180118_us_v.1.0.pdf,1,generic_internal,,
Lookout_ViperRAT-IDF(02-16-2017).pdf,1,generic_internal,,
LuckyMouse.pdf,1,generic_internal,,
MacOS_Backdoor_OceanLotus.pdf,1,generic_internal,,
Malicious Document Targets Pyeongchang Olympics _ McAfee Blogs.pdf,1,generic_internal,,
Malicious document targets Vietnamese officials.pdf,1,generic_internal,,
malicious-document-targets-vietnamese-officials.pdf,1,generic_internal,,
Malware Used by Rocke Group Evolves to Evade Detection by Cloud Security Products.pdf,1,generic_internal,,
masha-and-these-bears.pdf,1,generic_internal,,
McAfee_Labs_Threat_Advisory_Exploit_Operation_Red_Oct.pdf,1,generic_internal,,
MDM_India.pdf,1,generic_internal,,
metamorfo-campaign-targeting-brazilian-users_html.pdf,1,generic_internal,,
Micro-Targeted-Malvertising-WP-10-27-14-1.pdf,1,generic_internal,,
Microsoft_PLATINUM-evolve-find-ways-to-maintain-invisibility(06-07-2017).pdf,1,generic_internal,,
Microsoft_RE-DUBNIUM-FlashExploit(06-20-2016).pdf,1,generic_internal,,
MiniDuke_Paper_Final.pdf,1,generic_internal,,
miragefox-apt15-resurfaces-with-new-tools-based-on-old-ones.pdf,1,likely_public_campaign,APT1 / Comment Crew,
Modified_Binaries_Tor.pdf,1,generic_internal,,
MuddyC3.pdf,1,generic_internal,,
MuddyWater-Operations-in-Lebanon-and-Oman.pdf,1,generic_internal,,
MuddyWater_Middle_East_and_Central_Asia.pdf,1,generic_internal,,
Musical Chairs Playing Tetris.pdf,1,generic_internal,,
NAOUK_Investigation-WannaCry-cyber-attack-and-the-NHS(10-27-2017).pdf,1,generic_internal,,
NavRAT.pdf,1,generic_internal,,
nccgroup.trust-Decoding network data from a Gh0st RAT variant.pdf,1,generic_internal,,
Neuron IOC Pack.rtf,1,generic_internal,,
New Network Vermin from OceanLotus.pdf,1,generic_internal,,
New SLUB Backdoor Uses GitHub Communicates via Slack.pdf,1,generic_internal,,
new-andariel-reconnaissance-tactics-hint-at-next-targets.pdf,1,generic_internal,,
New_ComboJack_Steal_Cryptocurrency.pdf,1,generic_internal,,
New_killdisk.pdf,1,generic_internal,,
Norman_HangOver report_Executive Summary_042513.pdf,1,generic_internal,,
North_Korean_Defectors_and_Journalists_Targeted.pdf,1,generic_internal,,
not-so-cozy-an-uncomfortable-examination-of-a-suspected-apt29-phishing-campaign.pdf,1,likely_public_campaign,,
Novetta_Operation-Blockbuster-Report(Feb-24-2016).pdf,1,generic_internal,,
OceanLotus-Steganography-Malware-Analysis-White-Paper.pdf,1,generic_internal,,
OceanLotus.pdf,1,generic_internal,,
OceanLotus_KerrDown.pdf,1,generic_internal,,
oil-tanker-en.pdf,1,generic_internal,,
oilrig-targets-middle-eastern-government-adds-evasion-techniques-oopsie.pdf,1,generic_internal,,
olympic-destroyer.pdf,1,generic_internal,,
olympicdestroyer.pdf,1,generic_internal,,
OnionDuke_Tor.pdf,1,generic_internal,,
Op_Clandestine_Fox.pdf,1,generic_internal,,
Operation Black Atlas(TrendMicro)_part2.pdf,1,generic_internal,,
Operation RussianDoll.pdf,1,generic_internal,,
Operation ShadowHammer.pdf,1,generic_internal,,
Operation Tripoli .pdf,1,generic_internal,,
operation-ghostsecret.pdf,1,generic_internal,,
operation-prowli-traffic-manipulation-cryptocurrency-mining.pdf,1,generic_internal,,
Operation_AppleJeus.pdf,1,generic_internal,,
Operation_BlackLion_CN_Version.pdf,1,generic_internal,,
Operation_CloudyOmega_Ichitaro.pdf,1,generic_internal,,
Operation_Comando.pdf,1,generic_internal,,
Operation_Honeybee.pdf,1,generic_internal,,
Operation_Kitty_Phishing.pdf,1,generic_internal,,
Operation_Pistacchietto.pdf,1,generic_internal,,
Operation_Sheep.pdf,1,generic_internal,,
orangeworm-targets-healthcare-us-europe-asia.pdf,1,generic_internal,,
PaloAlto_A-Look-Into-Fysbis-Sofacys-Linux-Backdoor(Feb-12-16).pdf,1,generic_internal,,
PaloAlto_PrinceofPersiaGameOver(06-28-2016).pdf,1,generic_internal,,
PaloAlto_PrinceofPersiaInfyMalware(05-02-2016).pdf,1,generic_internal,,
Panda Banker Zeros.pdf,1,generic_internal,,
patchwork-apt-group-targets-us-think-tanks.pdf,1,likely_public_campaign,,
patchwork-continues-deliver-badnews.pdf,1,generic_internal,,
Pawn_Storm_Update_2018.Jan.pdf,1,generic_internal,,
Poking the Bear Three-Year Campaign Targets Russian Critical Infrastructure.pdf,1,generic_internal,,
PoriewSpy.India.pdf,1,generic_internal,,
PowerShell-based Backdoor Found in Turkey Strikingly Similar to MuddyWater Tools.pdf,1,generic_internal,,
Project TajMahal.pdf,1,generic_internal,,
Project_Cobra_Analysis.pdf,1,generic_internal,,
putter-panda.pdf,1,generic_internal,,
PWC_cloud-hopper-report-final-v4(04-03-2017).pdf,1,generic_internal,,
rancor-targeted-attacks-south-east-asia-using-plaintee-ddkong-malware-families_.pdf,1,generic_internal,,
RecordedFuture_Chinese-Ministry-State-APT3(05-17-2017).pdf,1,likely_public_campaign,,
RecordedFuture_North-Korea-Is-Not-Crazy(06-15-2017).pdf,1,generic_internal,,
Red_Eyes_Hacking_Group_Report.pdf,1,generic_internal,,
regin-analysis.pdf,1,generic_internal,,
Regin_Hopscotch_Legspin.pdf,1,generic_internal,,
report_jaku_analysis_of_botnet_campaign_en_0.pdf,1,generic_internal,,
Reuters_Turla.pdf,1,likely_public_campaign,Turla (Snake / Venomous Bear),
roaming_tiger_zeronights_2014.pdf,1,generic_internal,,
rp-operation-oceansalt.pdf,1,generic_internal,,
rp-operation-sharpshooter.pdf,1,generic_internal,,
rpt-apt38-2018-web_v4.pdf,1,likely_public_campaign,,
rpt-fin4.pdf,1,generic_internal,,
rpt_APT37.pdf,1,likely_public_campaign,,
RSA_Russian-Bank-Offices-Phishing-Wave(08-18-2017).pdf,1,generic_internal,,
Russian-language actor exploits hype over Telegram ban in Central Asia.pdf,1,generic_internal,,
Russian_Government_Cyber_Activity.pdf,1,generic_internal,,
Sandworm_briefing2.pdf,1,generic_internal,,
Scarab_Russian.pdf,1,generic_internal,,
"ScarCruft continues to evolve, introduces Bluetooth harvester _ Securelist.pdf",1,generic_internal,,
scattered-canary.pdf,1,generic_internal,,
sec14-paper-hardy.pdf,1,generic_internal,,
sec14-paper-marczak.pdf,1,generic_internal,,
Secrets_of_the_Comfoo_Masters.pdf,1,generic_internal,,
SectorB06 using Mongolian language in lure document.pdf,1,generic_internal,,
Secureworks_Iranian-PupyRAT-Middle-Eastern-Organizations(02-15-2017).pdf,1,generic_internal,,
Secureworks_TG-4127Clinton(06-16-2016).pdf,1,generic_internal,,
sednit-update-analysis-zebrocy_.pdf,1,generic_internal,,
shady_rat_vanity.pdf,1,generic_internal,,
Skeleton_Key_Analysis.pdf,1,generic_internal,,
Skygofree_appendix_eng.pdf,1,generic_internal,,
Sofacy Attacks Multiple Government Entities.pdf,1,generic_internal,,
sofacy-groups-parallel-attacks.pdf,1,generic_internal,,
StealthFalcon(CitizenLab).pdf,1,generic_internal,,
StealthFalcon(CitizenLab)_Appendix.pdf,1,generic_internal,,
Supply Chain – The Major Target of Cyberespionage Groups.pdf,1,generic_internal,,
supply-chain-attack-operation-red-signature-targets-south-korean-organizations.pdf,1,generic_internal,,
Symantec_Indian-organizations-targeted-in-Suckfly-attacks(5-17-16).pdf,1,generic_internal,,
Symantec_Iran-based-attackers-use-back-door-threats-to-spy-on-Middle-Eastern-targets(Dec-7-2015).pdf,1,generic_internal,,
TA505 is Expanding its Operations.pdf,1,generic_internal,,
taidoor_analysis_jp.pdf,1,likely_public_campaign,APT12 (Numbered Panda),
Talos Blog __ Cisco Talos Intelligence Group - Comprehensive Threat Intelligence_ 10 years of virtual dynamite_ A high-level retrospective of ATM malware.pdf,1,generic_internal,,
targeted-attacks-in-middle-east_VBS_CAMPAIGN_IOCS.txt,1,generic_internal,,
targeted_attacks_against_the_energy_sector.pdf,1,generic_internal,,
Targeted_Attacks_Lense_NGO.pdf,1,generic_internal,,
tb_advanced_persistent_threats.pdf,1,generic_internal,,
tech-brief-tildeb-analyzing-the-18-year-old-implant-from-the-shadow-brokers-leak.pdf,1,generic_internal,,
Thamar-Reservoir.pdf,1,generic_internal,,
The Arsenal Behind the Australian Parliament Hack.pdf,1,generic_internal,,
The Gorgon Group Slithering Between Nation State and Cybercrime.pdf,1,generic_internal,,
The Muddy Waters of APT Attacks.pdf,1,likely_public_campaign,,
The Return of The Charming Kitten.pdf,1,generic_internal,,
the-elderwood-project.pdf,1,generic_internal,,
The-Slingshot-APT_report_ENG_final.pdf,1,likely_public_campaign,,
The_destruction_of_APT3.pdf,1,likely_public_campaign,,
The_Madi_Infostealers.pdf,1,generic_internal,,
The_Mystery_of_Duqu_2_0_a_sophisticated_cyberespionage_actor_returns.pdf,1,generic_internal,,
themysteryofthepdf0-dayassemblermicrobackdoor.pdf,1,generic_internal,,
Threat Actor Group using UAC Bypass Module to run BAT File.pdf,1,generic_internal,,
Threat Group Cards.pdf,1,generic_internal,,
ThreatConnect_Belling_the_BEAR(09-28-2016).pdf,1,generic_internal,,
totally-tubular-treatise-on-triton-and-tristation.pdf,1,generic_internal,,
tr1adx-Bear-Spotting-Vol1(01-15-2017).pdf,1,generic_internal,,
tr1adx_Dope-Story-Bears(01-14-2017).pdf,1,generic_internal,,
Tracking Tick Through Recent Campaigns Targeting East Asia.pdf,1,generic_internal,,
TrendMicro_ChessMasters-New-Strategy-Evolving-Tools-Tactics(11-06-2017).pdf,1,generic_internal,,
TrendMicro_NetherlandsCyberAttack_Appendix(04-21-2016).pdf,1,generic_internal,,
Trojan.APT.BaneChant.pdf,1,likely_public_campaign,,
Tropic Trooper’s New Strategy.pdf,1,generic_internal,,
Tropic_Trooper_microsoft.pdf,1,generic_internal,,
turla-mosquito-shift-towards-generic-tools.pdf,1,likely_public_campaign,Turla (Snake / Venomous Bear),
Two Birds One STONE PANDA.pdf,1,generic_internal,,
ukatemicrysys_territorialdispute.pdf,1,generic_internal,,
Uncovering New Activity By APT10.pdf,1,likely_public_campaign,APT1 / Comment Crew,
unit42-comnie-continues-target-organizations-east-asia.pdf,1,generic_internal,,
unit42-oilrig-uses-rgdoor-iis-backdoor-targets-middle-east.pdf,1,generic_internal,,
unit42-the-tophat-campaign-attacks-within-the-middle-east-region-using-popular-third-party-services.pdf,1,generic_internal,,
unveilingthemask_v1.0.pdf,1,generic_internal,,
"URSNIF, EMOTET, DRIDEX and BitPaymer Gangs Linked by a Similar Loader.pdf",1,generic_internal,,
US-13-Yarochkin-In-Depth-Analysis-of-Escalated-APT-Attacks-Slides.pdf,1,likely_public_campaign,,
USCERT_GRIZZLY STEPPE(12-29-2016).pdf,1,generic_internal,,
VERMIN_ Quasar RAT and Custom Malware Used In Ukraine.pdf,1,generic_internal,,
Vinself_steganography.pdf,1,generic_internal,,
Volexity_OceanLotus-Mass-Digital-Surveillance-Targeting-ASEAN-Media(11-06-2017).pdf,1,generic_internal,,
vpnfilter-update.pdf,1,generic_internal,,
VPNFilter.pdf,1,generic_internal,,
w32_flamer_newsforyou.pdf,1,generic_internal,,
w32_regin_stage_1.pdf,1,generic_internal,,
w32_stuxnet_dossier.pdf,1,generic_internal,,
w64_regin_stage_1.pdf,1,generic_internal,,
Waterbug_ Espionage Group Rolls Out Brand-New Toolset in Attacks Against Governments.pdf,1,generic_internal,,
Whitefly_ Espionage Group has Singapore in Its Sights.pdf,1,generic_internal,,
"WhitePaper HBGary Threat Report, Operation Aurora.pdf",1,generic_internal,,
WickedRose_andNCPH.pdf,1,generic_internal,,
Winnti_ More than just Windows and Gates.pdf,1,generic_internal,,
Wiper_MSS_Threat_Report.pdf,1,generic_internal,,
wp-fakem-rat.pdf,1,generic_internal,,
wp-operation-pawn-storm.pdf,1,generic_internal,,
Zebrocy Multilanguage Malware Salad.pdf,1,generic_internal,,
ZooPark_for_public_final_edit.pdf,1,generic_internal,,
